,orginal,proposed,start_section,Final_section,Error,number hat,P1,P2,get1,get2,len_get1,len_get2
0,189.95735829383887,170.05571308056872,"[[3.6850648], [3.7850648000000002]]","[[3.7850648000000002], [4.33295822]]","{'regressor_1': 32.25155446756426, 'regressor_2': 333.19005030014495}","[5719, 4831]",0.09362385344994849,0.21457982957524332,"[  2   3   4   5   6   8   9  10  11  12  13  17  18  19  20  22  23  24
  25  26  27  28  30  58  59  61  62  65  66  67  69  70  71  72  74  75
  76  77  78  79  80  81  82  83  84  85  86  87  88  89  90  91  92  93
  94  95  96  97  98  99 100 101 103 104 105 106 107 108 109 110 111 112
 113 114 115 116 117 118 119 121 122 123 124 131 132]","[  2   3   4   5   6   8   9  10  11  12  13  17  18  19  20  22  23  24
  25  26  27  28  30  58  59  61  62  65  66  67  69  70  71  72  74  75
  76  77  78  79  80  81  82  83  84  85  86  87  88  89  90  91  92  93
  94  95  96  97  98  99 100 101 103 104 105 106 107 108 109 110 111 112
 113 114 115 116 117 118 119 121 122 123 124 131 132]",85,72
