,orginal,proposed,old_section,new_sction,start_section,Final_section
0,2,2,"[[3.6850648], [3.9010370623333332]]","[[3.9010370623333332], [4.332981587]]",195.93415551143883,179.9463079977311
1,2,2,"[[3.6850648], [3.9010370623333332]]","[[3.9010370623333332], [4.332981587]]",192.74543344677633,181.09262138400453
