,orginal,proposed,old_section,new_sction,start_section,Final_section,Error,number hat
0,2,2,"[[50.9825187], [51.0808471]]","[[51.0808471], [51.2775039]]",228.35231273529791,201.67721498117612,"{'regressor_1': 185.85958709888666, 'regressor_2': 212.0680593676059}","[3054, 4649]"
1,2,2,"[[50.9826162], [51.081322836666665]]","[[51.081322836666665], [51.27873611]]",233.13944878618722,216.11952421134626,"{'regressor_1': 170.9169377850163, 'regressor_2': 246.07245758687674}","[3070, 4633]"
