,orginal,proposed,old_section,new_sction,start_section,Final_section,Error
0,2,2,"[[3.6850648], [3.901029273666667]]","[[3.901029273666667], [4.332958221]]",194.18115725118483,176.33677289099526,"{'regressor_1': nan, 'regressor_2': 325.5389894036983}"
