,orginal,proposed,old_section,new_sction,start_section,Final_section,Error,number hat
0,3,2,"[[50.9825401], [51.0565891025, 51.130638105]]","[[51.0565891025], [51.130638105, 51.27873611]]",221.22076746785913,3410.3253547605746,"{'regressor_1': 163.65373541842774, 'regressor_2': 7395.397491803278}","[5915, 4819]"
