,orginal,proposed,old_section,new_sction,start_section,Final_section,Error,number hat
0,2,2,"[[3.6850648], [3.9010370623333332]]","[[3.9010370623333332], [4.332981587]]",199.36215975494815,934.6320203581527,"{'regressor_1': 233.08639064124782, 'regressor_2': 1770.9787731404956}","[5770, 4840]"
1,2,2,"[[3.6850648], [3.9010370623333332]]","[[3.9010370623333332], [4.332981587]]",202.50472035815267,904.0533461828464,"{'regressor_1': 165.58656364897675, 'regressor_2': 1783.0788350536743}","[5766, 4844]"
2,2,2,"[[3.6850749], [3.901043795666667]]","[[3.901043795666667], [4.332981587]]",224.46311470311025,933.5626326107446,"{'regressor_1': 200.43854501216546, 'regressor_2': 1802.2603261943987}","[5754, 4856]"
