Random,Mean Error (meters),Median Error (meters),R2 Score,Pre process
42,24641.411539291646,18965.589500000002,-1.8411839955839697,1
