Random,Mean Error (meters),Median Error (meters),R2 Score,Pre process
40,193.3028651540306,10.085500000000001,0.9943509705093114,0
