Random,Mean Error (meters),Median Error (meters),R2 Score,Pre process
42,24684.79767450655,19070.172499999997,-1.849151706509573,2
