Random,Mean Error (meters),Median Error (meters),R2 Score,Pre process
1,392.4475185185185,9.934999999999999,0.8870480855917814,42
