Random,Mean Error (meters),Median Error (meters),R2 Score,Pre process
53,209.40163153106315,13.334499999999998,0.9960988368457819,1
