Random,Mean Error (meters),Median Error (meters),R2 Score,Pre process
42,239.10956843755767,11.619500000000002,0.9874469274671809,2
