Random,Mean Error (meters),Median Error (meters),R2 Score,Pre process
55,242.79350415908502,13.434999999999999,0.994043956757252,0
