Random,Mean Error (meters),Median Error (meters),R2 Score,Pre process
52,189.80227448810183,10.318500000000002,0.9957815618714869,1
