Random,Mean Error (meters),Median Error (meters),R2 Score,Pre process
5,15706.158904910366,221.39550000000003,-0.9536564710141721,42
