Random,Mean Error (meters),Median Error (meters),R2 Score,Pre process
52,188.06646900940788,10.291500000000001,0.9958055940314092,0
