Random,Mean Error (meters),Median Error (meters),R2 Score,Pre process
42,9181.939981276517,20.820999999999998,-0.053083865771844874,2
