Random,Mean Error (meters),Median Error (meters),R2 Score,Pre process
42,184.9301085593064,10.325500000000002,0.9944614141263031,0
