Random,Mean Error (meters),Median Error (meters),R2 Score,Pre process
51,224.0725235248245,13.482500000000002,0.9955092503033967,1
