Random,Mean Error (meters),Median Error (meters),R2 Score,Pre process
46,192.74569166205498,10.040000000000001,0.9944422526545242,1
