Random,Mean Error (meters),Median Error (meters),R2 Score,Pre process
59,204.41613296074863,13.385500000000002,0.9964103256042101,0
