Random,Mean Error (meters),Median Error (meters),R2 Score,Pre process
53,210.7802956849493,13.534999999999998,0.9961296858825043,0
