Random,Mean Error (meters),Median Error (meters),R2 Score,Pre process
56,191.79197196089282,10.005500000000001,0.9951600505689637,2
