Random,Mean Error (meters),Median Error (meters),R2 Score,Pre process
2,20971.127958560664,28521.452500000003,-1.0779168469166747,42
