Random,Mean Error (meters),Median Error (meters),R2 Score,Pre process
51,181.9899786939679,11.238999999999999,0.9950273325619985,1
