Random,Mean Error (meters),Median Error (meters),R2 Score,Pre process
59,154.32851411178748,11.518500000000001,0.9965133248235314,2
