Random,Mean Error (meters),Median Error (meters),R2 Score,Pre process
50,218.30080881206138,13.317499999999999,0.9950107731524527,0
