Random,Mean Error (meters),Median Error (meters),R2 Score,Pre process
57,169.80021942446044,11.618500000000001,0.9953108519239481,2
