Random,Mean Error (meters),Median Error (meters),R2 Score,Pre process
42,224.5300675931178,14.174000000000001,0.9940517278374723,0
