Random,Mean Error (meters),Median Error (meters),R2 Score,Pre process
54,175.8975357867552,10.250499999999999,0.9960887834054435,2
