Random,Mean Error (meters),Median Error (meters),R2 Score,Pre process
52,165.72331627006085,11.703999999999999,0.9966959918027313,0
