Random,Mean Error (meters),Median Error (meters),R2 Score,Pre process
47,184.81796476664823,10.030000000000001,0.9956501150083821,0
