Random,Mean Error (meters),Median Error (meters),R2 Score,Pre process
42,193.62524938388628,14.041500000000001,0.995686927382109,0
