Random,Mean Error (meters),Median Error (meters),R2 Score,Pre process
45,190.66676932300314,9.991999999999999,0.9948249975255286,1
