Random,Mean Error (meters),Median Error (meters),R2 Score,Pre process
51,181.23612119535142,11.318999999999999,0.9950759861346453,1
