Random,Mean Error (meters),Median Error (meters),R2 Score,Pre process
55,239.5969051208734,13.254499999999998,0.9941259341024886,2
