Random,Mean Error (meters),Median Error (meters),R2 Score,Pre process
53,209.09035183259684,13.389000000000001,0.9961472410596182,2
