Random,Mean Error (meters),Median Error (meters),R2 Score,Pre process
1,21261.83349805144,28766.010000000002,-1.154266848547368,42
