Random,Mean Error (meters),Median Error (meters),R2 Score,Pre process
45,180.52371619627374,9.892999999999999,0.995340351698488,1
