Random,Mean Error (meters),Median Error (meters),R2 Score,Pre process
54,155.47549603394208,11.453000000000001,0.9965863817621443,2
