Random,Mean Error (meters),Median Error (meters),R2 Score,Pre process
55,175.27674091496033,11.403500000000001,0.9953079695092748,1
