Random,Mean Error (meters),Median Error (meters),R2 Score,Pre process
42,164.0848187603763,11.772999999999998,0.9962519744768048,0
