Random,Mean Error (meters),Median Error (meters),R2 Score,Pre process
56,164.3189958494743,11.553500000000001,0.9961830345465144,0
