Random,Mean Error (meters),Median Error (meters),R2 Score,Pre process
53,182.95739300866998,10.085500000000001,0.9954319337173682,1
