Random,Mean Error (meters),Median Error (meters),R2 Score,Pre process
59,167.22305552481092,10.190999999999999,0.9966223322834871,1
