Random,Mean Error (meters),Median Error (meters),R2 Score,Pre process
1,201.77766051468677,13.388499999999999,0.9969607153804081,0
