Random,Mean Error (meters),Median Error (meters),R2 Score,Pre process
59,167.23713807415604,10.239999999999998,0.9965773529083044,0
