Random,Mean Error (meters),Median Error (meters),R2 Score,Pre process
1,203.05396620743434,13.252500000000001,0.9969076138142464,0
