Random,Mean Error (meters),Median Error (meters),R2 Score,Pre process
52,166.79710099612615,11.754000000000001,0.9966363574093726,0
