Random,Mean Error (meters),Median Error (meters),R2 Score,Pre process
59,168.47978066777347,10.238500000000002,0.9965120085008552,2
