Random,Mean Error (meters),Median Error (meters),R2 Score,Pre process
46,171.83096098505808,10.051499999999999,0.9956767814205407,1
