Random,Mean Error (meters),Median Error (meters),R2 Score,Pre process
51,194.51577679394944,10.024499999999998,0.9948800031119416,2
