Random,Mean Error (meters),Median Error (meters),R2 Score,Pre process
40,176.89347583471684,10.052499999999998,0.9954225227068767,1
