Random,Mean Error (meters),Median Error (meters),R2 Score,Pre process
43,183.5848197749493,9.887500000000001,0.9946514583632733,1
