Random,Mean Error (meters),Median Error (meters),R2 Score,Pre process
51,223.89379035612163,13.584999999999999,0.9956177989042456,2
