Random,Mean Error (meters),Median Error (meters),R2 Score,Pre process
42,249.85825724036155,11.811499999999999,0.9862123049968876,1
