Random,Mean Error (meters),Median Error (meters),R2 Score,Pre process
42,179.69418168893944,14.030000000000001,0.9960571773295226,0
