Random,Mean Error (meters),Median Error (meters),R2 Score,Pre process
42,154.5381831765357,10.155000000000001,0.9965217206112704,1
