Random,Mean Error (meters),Median Error (meters),R2 Score,Pre process
3,16068.854954143933,11321.4635,0.0913999757479923,42
