Random,Mean Error (meters),Median Error (meters),R2 Score,Pre process
42,189.89777393469836,11.665499999999998,0.9958516937600852,2
