Random,Mean Error (meters),Median Error (meters),R2 Score,Pre process
52,214.79098271380292,13.395500000000002,0.9959892926596837,1
