Random,Mean Error (meters),Median Error (meters),R2 Score,Pre process
0,23859.461517277214,31803.6715,-1.1784186593275214,42
