Random,Mean Error (meters),Median Error (meters),R2 Score,Pre process
57,176.75125475004612,10.350999999999999,0.9954884471286477,2
