Random,Mean Error (meters),Median Error (meters),R2 Score,Pre process
52,190.39364489946504,10.312999999999999,0.99568755554777,2
