Random,Mean Error (meters),Median Error (meters),R2 Score,Pre process
55,175.15516841911088,11.591500000000002,0.9953307582978308,2
