Random,Mean Error (meters),Median Error (meters),R2 Score,Pre process
55,183.65589596015494,10.229999999999999,0.9957219007750966,0
