Random,Mean Error (meters),Median Error (meters),R2 Score,Pre process
42,245.75184034311013,11.870000000000001,0.9830711782887613,2
