Random,Mean Error (meters),Median Error (meters),R2 Score,Pre process
42,189.36911824386644,10.330499999999999,0.9944423785618335,1
