Random,Mean Error (meters),Median Error (meters),R2 Score,Pre process
53,179.48903984504702,9.982999999999999,0.9956711680445908,0
