Random,Mean Error (meters),Median Error (meters),R2 Score,Pre process
43,165.66751881571668,9.968000000000002,0.9957564206290186,2
