Random,Mean Error (meters),Median Error (meters),R2 Score,Pre process
41,167.6364344216934,10.158000000000001,0.9964519370809514,1
